Agressions sexuelles dans le périscolaire : un nouveau Metoo ? - Radio France,Radio France,18/12/2025 18:25:00,https://news.google.com/rss/articles/CBMi2wFBVV95cUxPS0VNRzF5bU5lM25fcmZvZWNVeF82THZBZllvVTFnci1YM1p6Y2xXWkRrWUExY2k2Y1gyR1JrRXNJMUMyWDNtM0dOdDFiQzRoM0VxTjhpczFQdEVOdmNkVWpzUjJIYjVLWjFRZ016azUzSGhmMXRxM1liM2F6Mk9qRmIxTEt0QXR3WXp1RXlYNUdvS2NkUFlfTWFGLXpHS194enFtZWp3eU1zVEtaOGRRSUtuakFzaUo4RWVlWkltZzlKMEFBSFFuMVhzWUM4X3MzRk85cl91Tkh5c0U?oc=5
Le Festival de Cannes s'empare de la lutte contre les violences sexistes et sexuelles - Radio France,Radio France,23/05/2025 09:00:00,https://news.google.com/rss/articles/CBMimAJBVV95cUxONVYyazZNWncwT052WDBneDc1X2tFV0p2SE5GSWVWMlU2R2ZzQnl4aktFcm51REVxTGM2ekhwM3dDSndoUnJRbDRBUnZmMHhwWEthU05GOWNWaEc3bDdGcHdsdjU1XzR1V3R1SmdwMTRTWTR5ckZMeUVGZ3RZM1lmVndKdkdUU2t3TlpINjc1UThodmNBZUl0TGw2ck1LRDc0X19kQm5LdXJZdGp6QnFXLWp5QWs2TkNfMUJjMjNOZ0lHUGhqWGNLb1ZfVURMelQ4R0cxTjJFMHZPcHR2U0dQOVR5UXNuT0tfdHgyY1B1d2F0ZkptT3RrUTFyTUNaVGkzajNadk5EdTFPTDdRa2J4eHcwTlI3SFlt?oc=5
Violences en cuisine : «Egratigner un chef reviendrait à égratigner la France» - Libération,Libération,21/05/2025 09:00:00,https://news.google.com/rss/articles/CBMi8AFBVV95cUxQcHVhTzhGSy04MkhkdTJPN1pVc3RiSnRFN2Z3bzViU1pkSzMxWEhITzdkLUdtbW1qNGtTcmt1Z3JIeGZNa1BlWDZLa2hWZUtjeWpMWV9SVTBEVU5xUWhfZko3UF9TWkM2eUkzWEtvRWVHdnFKTS1WeWxadTVBT2NxaXVPNC03aEZIYUZGSTRoUXY5VmJILVYxQmstRGpPdHFKYXJjZy1VODZKaGlEdC1Ld1M3WmJreU8yMko0S1Z0V1RjUE03MURrTXpKbnEzODZNOTdmVC13UE1yRWdCOW1aWXpWeUVLQk1QZHlHaUpLYUk?oc=5
Un rapport dénonce l'ampleur des violences sexuelles dans le monde du cinéma et de l'audiovisuel en Espagne - Radio France,Radio France,25/04/2025 09:00:00,https://news.google.com/rss/articles/CBMi8gFBVV95cUxNMHVfNkk5LTI1NXZKcGRLVy1MZUV3TjdkLU5hZU1WdEI0WGhlOElqOU5Ud3NMZzhLSUVDVjV3Y2xjT3pHbG9iMGNuRzF1M3VndlBPRHA1YVM5NDFKdWh6TW1CZXh3UEZqcDlSUVJBWWpIYnAwWlVRamhqR1ZZNm1hZFYzd1R6MC1vM2lyUW1kTHhDRmJVREhLa001cGhpV2RxTjN5ZEdram1jSjZDNHpyZTdXc3pQMzEwNmx6M0g2TDNJRlRVVGxYQk9USVhyOUQ1NHNBQmc5aGs3TktGems4ZzZZbHpFbUpQcnZ4ZUh1V3pQUQ?oc=5
Cinéma : quelles réalisations depuis #MeToo ? - Radio France,Radio France,25/04/2025 09:00:00,https://news.google.com/rss/articles/CBMixgFBVV95cUxPQ0NUZG1HWHl5ZkdDMzZCUktHdWNQcE0xcW1felhBRVRMRHE5TGY3R1U5YzVabVZNRW1ab3pzeVIxam4ya3lPUHpTNFAwWjNiek9FYXltNEJnOVFVZnpBSFRTbzNjWHdKSExEOUFsb2pHTlFIZFU2V0tNd0xTeVVKSnhteHNyNjItaGpuQjJxelRldXlXYkIwUjZ3OXF3UG9kY0JKVU56SHZVcmFuZ0wzdVg3S0VNeEJsTWFrekxEU0ZSRkdwUHc?oc=5
Violences sexuelles dans l’Église : Véronique Margron appelle à une réforme en profondeur - Radio France,Radio France,21/04/2025 09:00:00,https://news.google.com/rss/articles/CBMitAFBVV95cUxQajl5dkt1Sk9sOXRxY0p3em5Va293Q2JEOTN1LUlkYnpBcnlORFRodlcxQ3oyYkVKY3l0eXlvRWJBS1pjbUpsRVlqTktmU1hPT0htcmY4Ylo2Uk8yWWwwQ1RLR3FLcXZXSGVJRmRyYmFLZWlxU2hfNHNTUzJSSDRrU3R5MDJZVmtsWi1sRVV6QTRHZ0paNnNXbmdXeW5JdzZtWnlEeldVdHp6TkpFdnVJTTRHUDI?oc=5
"Sandrine Rousseau : ""Les violences sont systémiques dans le monde de la culture"" - Radio France",Radio France,14/04/2025 09:00:00,https://news.google.com/rss/articles/CBMiiwJBVV95cUxQTFJYNUR5NXF3U3pjTGlHd1FnX3EwU1NJV3E3Q2ZlS19EQWhFNG1KRzRfcEY2SUN4aktlOWRobDJuZHFYTzZkT2lMSDRucEYwZm9FMTEteHM0STZkbzlYODd3NC15cWV0SGozZE9vVEpld0lEWnNkdWNJVDZDWTJnUFFXQ1lNMGU4cHNQRnM5WlNJT2Jlcy0yN0JfVHVSNHUzdnBlVmpjM0pQSWUxQTBJRXM4ejdoaEtKTlctcHl5QkNzNlpqUG5BYkJSU1lubE5DU2RMUzM3c0dMOVJOS0FlZ1lhLWg3ck9XTzBnYkIwalY5czZEN01nMFJoZ3Z0bXFzZy1ZZzhLMmYtYm8?oc=5
"Violences en milieux éducatifs, sortons-nous enfin du déni ? - Radio France",Radio France,14/04/2025 09:00:00,https://news.google.com/rss/articles/CBMiygFBVV95cUxPN3Nmejh5MlZ2YklEWm15VmRVQkNHLTJydXlQZEJRUmNnQTJmZXVmSGptQ2dfUzdJLURmaXZfaDlyN0JXbGxHOGhPN2t5YUtyY3ZfRV9PTWJ4b0ZtRktQN25tTURxSmFBMkNaTTFuU1dqLUZXWHBSSzlCQUxhUU9ZWVozMFJtVzBzdW9SYXNnMV9kcnRRQk11dWxfOUl6QjZadi1BanRXdW9TOUJ0aVNUQWgwMVhIVHh1TlhGUmZrTjI1Sjg2Z3JlUVFB?oc=5
Violences sexuelles entre enfants : le poids du silence - Radio France,Radio France,12/04/2025 09:00:00,https://news.google.com/rss/articles/CBMiwwFBVV95cUxNRFl1YXhJeXVLZklrWWtMWnNOUkRpOFMyM3BWYUtHNnhIdmYwNnFndFNBdnluUGRrWG5IY1BvZnB0X21NeUNJTUtvNVhwUHFJR2Rwc1ljN3RYRGxZSmZwNFZDMWhWaWZCTm1KcVRBUDItU3doN09vMnYtRUNZT2ZUYldxVEhHS2JKZzRwZVc3Mlh5bHdYMXctNnU4dEVWS2N2NVctYXNvT0pTak5wQmdydjFmSlJHRmppWHYtYmVRSVROb1k?oc=5
La violence dans le porno : l'angle mort des violences faites aux femmes ? - Radio France,Radio France,12/04/2025 09:00:00,https://news.google.com/rss/articles/CBMi-gFBVV95cUxQYW5pYTR6Wm43Q3F3SXUzdDVoSkkzemVSUE0wTFpTNXFpX3dxVi1fSUpWbWk1aE45VVNuLUFYUEg5N0tfY2I2LU0wcjFDQTBkRGRJUGFLSEhTYUY3aVFkOU5memNRS1F6X0hkWWI2REJsMVg3N29lNG9WRnRzM2tmZGY0SUoxS3habnlyTGxVZ0RqQjZ5SnFJX3NDVnB6VGVnS09qYkRGMFVfUnVzR0UzeThvMExoelIyeUhUcTd1UlkwUExQVVphYnprdC1CbjN1Nnkzc1NmN3hqOXJJeDVTMVpnZlNzVnJ6WGczTUdzR3dpeUQ5eU1WcVdn?oc=5
"Des violences systémiques dans le milieu culturel, selon un rapport français - Radio-Canada",Radio-Canada,10/04/2025 09:00:00,https://news.google.com/rss/articles/CBMimwFBVV95cUxPeFVPakY3aEQtUzV2WjVncmVodExMMGx6U1hXZjl4SGJ0cTFxSnRaci1sbkRzbFJoNUFMNEItSGdkeGxhZDdCUWR4X2ZuSWtST3dFTjNxdXA2REZZR2dBblRnVWRBNEFRbEw3YzdEbHVXR05ER1VYbnVjVWFnaUVheEQyY1ZMNmJMQ2FscV9Tb1V4NFFNVDVDUk8wTQ?oc=5
"Pour Judith Godrèche, le rapport de la commission d’enquête parlementaire est “impressionnant et terrifiant” - Vogue France",Vogue France,10/04/2025 09:00:00,https://news.google.com/rss/articles/CBMipAFBVV95cUxPSkZHYldiNXJWVEVCWXd4dWNfclcyMjJQcnJBeHh6em9tcTRybnpnX0xhZ0JxV09WYTF6NmRmUTZQWjR0RERwb3FkMHFIRkFEN3VqenNaemFVWmdHTkxoei1rUWMzaW56RGJoRFRRZFhYUkdoNEIyeTlhWHRJbUZkYmZKanZUQTJMOF9KRmJCRXVHVWJaX3pmN3M3Q3JGQU1CbTFJVw?oc=5
Violences dans le milieu culturel : le fonctionnement de la Maîtrise des Hauts-de-Seine pointé du doigt - Radio France,Radio France,09/04/2025 09:00:00,https://news.google.com/rss/articles/CBMiowFBVV95cUxNVHdkMFZwdE1GS3Q1NS1id3RtcGdEcEJlSThFRDRBVEIwR3pzMU1Dd0thWWkzUV83NUdtQTRQQ3lNMTJTdjRKSHBYMjdPeUVCZFhvNzl3U2FUUWFiamdwUVhWbnpFbjVuSzFLdnJPT0dfS0ZFcktBOUFrWDdwOVgtLXV2Q2daeUtBT0RULVUySnEyd1ZwUmFLbmgzMEtZQ1dWSVlZ?oc=5
"Précarité, silence imposé... Comment la commission d'enquête a révélé les mécaniques favorisant les violences sexuelles dans le secteur de la culture - Franceinfo",Franceinfo,09/04/2025 09:00:00,https://news.google.com/rss/articles/CBMizAJBVV95cUxPUHJMdzFvQkszcUhMb0VPUm5YWHlRQS1lcFpuSUJoNjRHLVhKZDV3VGlxN3Vfb1hfT2o3ZE1Hb1RCRlJGUGlQWnh4anlhdy1EM09TeElacFFUbVFqX09EQ1hDWG5PSEZNLVR5M1lUU2Eyckl2V1BKUWhNTEhLaUQyVll6S3lQUzhscFV5Sk5aVllOeDliQzAxVWVLLWVabjZfVFRxdjNoS0NfXzdwUHVYSEhOQmRucFk2ZE9SQjVSVmZGZmJDbWZ2RXhtTjZldmZ1ejg5MGRpekJudG8wLWlEWlJXSU5pZlRSZWUxSk11cXJBTUdsSlpDVlhFYUlIRzU0Rkxoai02YjlfVDlKYXNHcnVvNEdVOGVZd0Z1TTlMcWdVNmExYlpfTWN0Y3E1amViUzI0WGNrejNBeVp0LUFtR0tiX29iZHlkRUFuWQ?oc=5
Un rapport jette une lumière crue sur les violences du monde de la culture en France - rts.ch,rts.ch,09/04/2025 09:00:00,https://news.google.com/rss/articles/CBMiwwFBVV95cUxPYm5jN2NURkpFSFlfaVNDZUZpRTJmc1VsaFhPVU54aTQ1X0VmdDJxWXhlYW9KQ01JVmJ1SW1NOVpqREs5aVNiaDROdGxYOWlEMkF5NGwxMUgwUHEtekFpdDJmTjRnUW1nUFA0SWU0OF93M1pVaGc1U1ZJdXlCUE95TW5xZVdFNlVHOGdzeVQxMEZBLXk5bnRjWlN0cXh4QktlQ2lSVFV4MWVjTXFkUkNEbnB3SkFoVnRFM2tjMUVlWWhvOGM?oc=5
"Violences dans le monde culturel : Sandrine Rousseau et Erwan Balanant dénoncent un ""système"" - Radio France",Radio France,09/04/2025 09:00:00,https://news.google.com/rss/articles/CBMitgFBVV95cUxPN0VodGt2YkFZS2U4U0o0ald2Z1l4cV8xRmExV2h5WXhISXJaSjZhWjRHczlFUHVIY0lQUHdiYzhXVlBoOUJVSWpfSHhHUG1zM09qendIUGkzVXN1YU5jNW9zcTFjb3dYcVBpUlJoTDN3QmdhdVZyR1d0QmhIZzh1Z1pCZENGQm1EVmhRRE10NkNISnZ0cEZweV9DTG5rS3BmV0JKSU40Zjg4U1hQQk9SSEVhb0dqUQ?oc=5
"MeToo culture : enfants, castings, scènes intimes… Judith Godrèche juge « terrifiant » le rapport sur les violences sexuelles - Le Parisien",Le Parisien,09/04/2025 09:00:00,https://news.google.com/rss/articles/CBMiqAJBVV95cUxPUHF5Q1AyU3BrdjF5U1FuTkdKVW45N3dNRzN4SjdiQ0lPdUVESFdKWG5nU1JGYTBlOTM5alUyOG9YWnZUUHhlY1pBdE1mYW1ydVlhem05Y2h5NVB3dmlaaHdUOUxpdHZqTWpOSXJaeWJvOHdSRktvMkd2bEVIVEJQUUpmS3RpY0FmZ09OeVEzZmlIOVVzd0kyNjhfQUV4d3pWd09oVnJrV2V5Nnl2TEZLU1N1ZEhacy1vbDRtM1BqNXk0NjZ6RTRJbmZhNWNZR3dhR0lpUmZ6WVhRbWdoM2JKeXR3aVdNdnJlZHhncFlEOVBSQy1OQVlaTzBxdE8zNXpvdGJ1M3JwYlB2bUpEVzZwcHdaNVF1OFhOV1R0YlFwUThTNDA1bTN2bg?oc=5
"Rapport parlementaire sur les violences dans le monde culturel : ""Une ampleur et une dimension systémique qui fait froid dans le dos"", témoigne la vice-présidente de commission d’enquête - Franceinfo",Franceinfo,09/04/2025 09:00:00,https://news.google.com/rss/articles/CBMi5gJBVV95cUxOdEFtTnJxM0FMZXZYYVhGMVg0OW1qZm5MLWQyZ2Vfcmtwc1ZHLXIyN3B0OEpldWhuNUFXcjRJUG9veHg3QWxSeWJLUkwySmM0OFRfMDU4bkVWU191aS0tSGxWRzZObUw4XzRsREstaUFNUHB0S3VJbTducjV2UXNkM0VoaVhRbnBZdUszdTBLQ1k2S2RDejNzWm9wT3VGSC0tTWk0and4UGlwdHNxQ0J0d1BRUnB5NWczSzZRUzRseTA0UThQanFEU0NKZkJ1LXNjUWpSOE5Qak5NbzhSVTdtcC1FbjZTTi1VVlFoRXNXYnh1eXhxMThoVE1nTzh5SDBXRDFONGpWNjFPWUt2Z0tSdzJOZFRCOTA1MkdXZTJSd2xiUE1ZZkY0a2U2aVJXVmdVMU1NNDA0OWxjZmFzWVNBQ0JlMXpsZWdmcVlYYnhjX1k2U3Fud3gydGo0MUtPcUhjYjl1TzJR?oc=5
"Rapport parlementaire sur les violences dans le monde culturel : ""Maintenant, plus personne ne peut dire : on ne savait pas"", réagit Judith Godrèche - Franceinfo",Franceinfo,09/04/2025 09:00:00,https://news.google.com/rss/articles/CBMi0AJBVV95cUxQdThPRVRqNjJtU09rY3hIQlVZN1Nxc0U2YmdoMkhidGx6UU9sTUdab01KMllZYk9OZFhwdTE2cFkwVUpRWU9PenRoTF9Ta2s5dDJuYjJ0WDUyaWVVVU12cDloa0RyWVhPVExJQjFYV3pKMkhkVlNCNmZrVFJqSWRYZV9TeFBKY2wyblNiVmpwTl84aHhKTlV6cjdXc0tSVHp3WTFSRlRxeDAxbE1CWUx1V2hlLU1vQXFER2lFWXBZTlA5QTJ4ajI3MDJCeS1jU1VZSFQyS050cTh0Y0EyaHgyMW9hZWxCakNNdTdOaWxjdHVDYmVmLWZJam1ad3l4d2VyNFpEcDBSdkpaN3FnSjRKSkR2MDVhTFZIQUNoampMbUlYZ1lpU0d6YXQ1N01nM2ZWdndwa1g2dEtTRlBnYzQ5YlN4cGRtVVNwOEVCSjVsSVE?oc=5
Violences sexuelles : un vaste rapport met en lumière un phénomène systémique d'impunité et d'opacité dans la culture - Radio France,Radio France,09/04/2025 09:00:00,https://news.google.com/rss/articles/CBMiowFBVV95cUxQWGY0eWFXVUpBX01vWGFwLUdBLTlKeERNelYyQ3VjRDFuUFVkRDQ4SG03akNnRVVKMUF5QUlsMGZkcW5TcEh0cGxrU1JkUFdCLTVYWmVNbEE4ZV9iSmpHVmlvWGVYc1NzMmhyS1JPb014cXN5ci1IQWZFRWUwVE9Za3NUaGlzQ1BEWmNMUDNQbXNqbklxOGROYnNKb1RYUDY3RUJN?oc=5
Un rapport dénonce les violences sexuelles au sein du monde culturel français - 24 Heures,24 Heures,09/04/2025 09:00:00,https://news.google.com/rss/articles/CBMiowFBVV95cUxPX2VQQUtJVWQyM3dBY2pEMUY4SjJEN3hxZTNLbkZJeFU0eHlpQ2JmbXpaVEJSM0tMQlNadFZlR3Z4dzdzSi1FWUEwaTdjZl9QVzgxNFBBelRnVWEzQ19WZGRiZmdTcjc3X2F4M1VOakJXUVJ1T1AzWmZFWmRyNTlVTk5UMHRRWVUteWwxR1pnNkI0NTd3SjA0cjBMYnQ1SFUzRi0w?oc=5
Une commission d'enquête parlementaire épingle les violences dans la musique classique - Radio France,Radio France,09/04/2025 09:00:00,https://news.google.com/rss/articles/CBMi0AFBVV95cUxNeVBXcUdHZGhRcHF6YktkOFhjb2FVNl9aUl9UMXFlU2RabDVoVXc0Q3dmV09jVW9sOU9QMDcxTHBhWktXanRZaHB2T2pNTG1KMUhleGNaYmx3bEdNZ3hWVHNhLWt3bFZKdlcyRGV6UEFTam5sMWpEdlU1YjRZVTJ0WVVuZkJYUmZvNlNHTU0yT2g5Wmc5dFBLVWpFZVhwWFJNRGVZeFg4dGxWU3RnQ09EQUdGQktJSGlodHY3RnJOQkttaDVvS3QzTTBNRVBBTE9a?oc=5
#MeToo dans la culture : retour sur les temps forts des six mois d’auditions de la commission d’enquête - Télérama,Télérama,09/04/2025 09:00:00,https://news.google.com/rss/articles/CBMi6gFBVV95cUxNV3AwaXBTRXdQWW1aZDQwZC1QUWQtbkphY1AxR0dXT0hjSDVXcUFBNFl5WmRaeGpHaEVGOHh4Y2hrT3NtXzdhZDZTZkxmd284dXdwNHR5SGZ6M1VxeVhsMUVkbVNyNjVoSUViT2hYN3lmbjh6dXFTRmRjRjlsOTN5Uk1TOWI1QkpGeHRpSHoxZ2NXUV9EWWJTSWFMVEV3cF92Rlo5bzhKY2tLbzZKMGg1MmJsLUtDZS05YlBXWXhUXzVBNWswZEhEYklrNHQ0enhEUGJkbm9lankzVGY3SGk4QUw2cFJZM2Q1Unc?oc=5
"La colère d’Anouk Grinberg contre les violences sexistes et sexuelles et l'exposition sur Agnès Varda, autre figure féministe du cinéma - Radio France",Radio France,09/04/2025 09:00:00,https://news.google.com/rss/articles/CBMiqAJBVV95cUxNMWdXTEkxNmw4RkkxQmg4YmRZSmhHMHdGYWU3Z3ptOW9ETHBLWTFoTkFISDFJZDE3UHpjMkFOcEhYTGRmNENleVgyWDI1QUswM0N2bFFWUDJMd1BPZjA0UXFxTWNON2xRU213RHRqSU9uQ3h1U3RqZmJWVjhULW1CWmdtMXlPZVRJYzJLNXlXZVNHdmxWallVSG4yN0hTTE9ZTW5SUlVyQk14OU5HUVJZOXkwMTFwNUtGS2pkZlBmdnJ5LW0yM2l2Nk9BeU5Fd3Q3TmozeVMwR1NrY0VKNjVyRU1tdlJMbmtkVmFpNVAyRWd3bHN2Sjh1TUhkdFppY3NxUndIR1N0blQ0SHo1cW94d203aVE4d1NhQjBsV19NUmNBOE5VQXBkTQ?oc=5
"Violences sexuelles dans le monde de la culture : les recommandations de la commission d'enquête contre la ""machine à broyer"" - LCP",LCP,08/04/2025 09:00:00,https://news.google.com/rss/articles/CBMisgFBVV95cUxOTHJweC1pSi0zNnlfYXlha3d3THp4MmUxQVltUExFcDJJa0hMTzVPUDJvLUdScXA5S2pZM1Zrem9SMDlPbFJVYi04OXZVVGpJeVpJcUQtREJwMVlsWDYzZ1l0R0dDV2l5Y1FFXzJ2dzdKZ1ppaTViWDhVN2RuZk5TUk9ETDB3UWNrMEZhUXBIVGs1cEFXdHZ0cEJZT2NNUFRJV1JhUVNqSU9oSG9hMVZsbXBn?oc=5
Violences dans la culture : un rapport parlementaire étrille les « machines à broyer des talents - Mediapart,Mediapart,08/04/2025 09:00:00,https://news.google.com/rss/articles/CBMi0wFBVV95cUxPRXk0bEpDMjNyd1AxZ3FYUXdCOXBWOEItdWtKMkltbC03b3lQWGFSMkJBdHp0ZldRZGo2Z29jaVFVbUF3NWY4eHRjS25XbTZERFg4T3FjRWIteF9ZcnB5cUdrRHM4ei1zSzFOWFRqTmNOLUtrX2ExTzZPQWlMdEhPM3lfYmJwS2JHcGllQXk5LTV1dmJOejVKdWZYbl9NRVpvTkx6WWZ6NE9vTFJxYVV2WTBKd3dkb1NvQzh2cDh2ZHNFaWxHcHdHTUxhNkNoUmloLVV3?oc=5
La commission d’enquête parlementaire sur les violences rend un rapport accablant pour la « grande famille » de la culture - Le Monde.fr,Le Monde.fr,08/04/2025 09:00:00,https://news.google.com/rss/articles/CBMi8wFBVV95cUxObUlJTFR4ZmlLMWlSc1ZxeE5uX0g3SmxPVjZZLXB5aGx1QkdjdlJESndBS3BBQ1h3M3VMWlZBNW51bVRDMnNPOThRb3FUSFNfM0FidVpVOEFvOHVHOXhoSE1JUHR4X1JNZk54bVZfd2lWazBrLVR3WHo5VC1OaWNHb0NQcXNVTGw2U2ltaWRLZWdFZEpXUXV6bGZXWlhTaERqcG1tWTJya3RnTTZYS2I4dHZlbmdOdmdYOERxWkd1eExxTjBZMWtKRF9ZSDQwSlZxYm9DQUpSbUFmSHhNYmVpOUxTTnhBdmJkMzNJQjl3NzJ1VFk?oc=5
"Erwan Balanant (député MoDem) : ""La politique est un acte de création"" - Radio France",Radio France,05/04/2025 09:00:00,https://news.google.com/rss/articles/CBMi0wFBVV95cUxOQjI0Q2JscWRpZDJoYmhvMDZYQ3hwWUdDU0ctUDZDZ2tNenJCM2VTemY2SXItQ2hCclM2cVE5Z2VVdTdTUUYtQU5CQlNHSFJJeUxNWm9NSVhyOGEweGhvMFh5NkxYdkdxRHdnd3lBVzR0Q2tad041NEYwWUo4cEkzdWxDVWNpMnROV2NhaThjVDFvbDdMc0V1Q01CbVhEXzNsV2h0QkczLUtNMFR3RnNSUTJCRWxENG1JdVB2VXpGTXVpZS1aZW5zcG9PS2h1Skk2RWM0?oc=5
« La commission de l’Assemblée nationale sur les violences sexuelles dans le milieu artistique a parfois ressemblé à un reality-show malaisant » - Le Monde.fr,Le Monde.fr,04/04/2025 09:00:00,https://news.google.com/rss/articles/CBMirwJBVV95cUxOQk05aUtkeWJOaG9fTGFtYVpvNl9IdzVrQlA2VkdQUVY3T1pkYXRPUlh0eHVWVnVzRWkxMHBhMTJSeTJfZS1uV2s4RGJtT0wwcldrczdDalBoMGdWRllBZnVyZjNCYVNxMzhRQjRMeFFuZkRtejZad2NBaHlkWS1HSTUzU3FLa3k2R0ZkYkVKNUFyQlhnMUM4V0hwVHRUcldwUkRhX3FtQ0JlSXpucko0NnpSOWp0N0U4ZndFRnBxYUdHTmZLLVEwTTMySGNKRUhBSmJqVURDWkRtelViSVJhdnltTGJYaWdRRHN0M1JYa04tR0Z3SFpYWUxuS3drRklZM1NrMVVFU2JVTHdJZ0prSTh1T0hjVXB1alpuenlIOG83SUlyQy1XR1NQX0cxS1U?oc=5
Le cinéma est-il un milieu particulièrement toxique ? - Radio France,Radio France,14/03/2025 08:00:00,https://news.google.com/rss/articles/CBMiyAFBVV95cUxPeEJNeVF3eURDSGNUMTVBamo0dEhoMWpTQ3VSSDBDSndEOTI2ekhWRndrZWRYS3czMExxSUpxN3FnM3IzLXI5c2xVYTlBN3NhVVRTSWNtb0JUM1p3ZXR4LWFaRmIyZHBDaS01T1gxLTh0bmRYMzdGb01UcnRqVFVIZ015S1JMeU9HVVphTE1UTDRpLTI4RWpNUEVKWEpmVi1hZ29xSXhKVWFUbG92b18zcG92ZmhkcENFazc3TVNZY3pJXzFSZEI0ZA?oc=5
Violences dans le milieu de la musique : comment mieux protéger les mineurs ? - Radio France,Radio France,11/03/2025 08:00:00,https://news.google.com/rss/articles/CBMi2AFBVV95cUxPLTduamtHUEF5U0Nkdm9ZYkJWQU8yb3VDdlBpUG1NMUZWRFJzdjZpV2ZSaW1ZbklTYnZPLWYwTndZeU9sSldNVFc4dTZFdGt4U3lPLTRxZ0I0a0dBck9oeTdLOV9zWkl5bUM5d3JoWnp1SnE0cmx2NE5od1JtczltWklYWEI4ellQWHliSjFPNmp6WERjd09UYTlDR3FaZmVTMFVYdXRPalVmSW1KZDE3SWRUUVRrUFNaZjlPV1ZsbkV0czg0S3p3SFhjMnRSa3pjT1h3LWRKMVQ?oc=5
Plan contre les VHSS dans la culture (2025 –2027) - Ministère de la Culture,Ministère de la Culture,07/03/2025 09:00:00,https://news.google.com/rss/articles/CBMi-wFBVV95cUxPaWVwV0pIMVVEV2p5Zm5iaTl5bUwwUl9KUHRnMlkwLU1DMmFqR1NDSG8xTXd1OWZ6Z28yemZ2V2x3R0VKY2gzMVVwc3lnZS1ETUdoN0RlMEtGblhFdzk2ZDVERGQyc1NONTRmTzBHTkE2ektlZmZmRDYzMGR6YktGRTJYNUFYeWJxTFJ6bEFNUGN4NG84MDlDTy01cjdUN05KOUFRUWN6QzN6X3Z3dzIybi0xWWF6eHRCbG5yR0x5enVxdkZLZWlpNGxlcTNCQ0lvang3RmdlX3BHWlNqTjZJS2RPcllEWnVqY2FvOVZDTnZJNWdjVUQxN1Z5dw?oc=5
Violences sur les enfants : comment organiser le contrôle des établissements ? - Radio France,Radio France,24/02/2025 09:00:00,https://news.google.com/rss/articles/CBMi5wFBVV95cUxOc1BvRTJ5YkxUY2ExeW5fODRDaWNIQWZwTnh0NEt3d2VCTFlWcWoteVZGOGtGcC1pbXBoS3VfSzlid1N2bEhRVWVOMmxvRDNXNHFwS0MtT1BHTFlGZjRuSUFVQkllM2NpSlVuY2hYRGdjSG9lS01yeHhaZFluVVJRUFlfUTZpT2MwZTlmb3FNU0tYeDRvZzZZNVRjMThHdURwMkJ5SWVUNzA0Y1FOcXNTbjJUNG5lWjBfOU9CS05zOWJoS0V0SlNuNVZ3YjBodUxjMXE1UjJ6bFBkbXpjTTFaOXIwamQ4aWc?oc=5
Deux syndicats alertent sur les violences sexistes et sexuelles chez Air France - Le HuffPost,Le HuffPost,14/02/2025 09:00:00,https://news.google.com/rss/articles/CBMi4wFBVV95cUxNeFZzSzFGblI1LVMyVDJFZWFzMTRWa1Q1Mm51ektSSUlzX04zV001aHNXWU9pTFlsQkNGcHRCUTIxTlpUN2ZpMVFoRmxFRFU0M3ZwSHMwUjN4eldrek9nTUViRERXV05vVXRlY2lMV3phYVI0MG5XbDVQM0hySlFZU2c5VnZqZGtwVExLRFhMMHhyX2lZUEVPaU4wNldlbldDNkNEN3VlVzAtSTNueUt0ckRRTVhQN3ptVkZyMVdNSnlTdHFsZWJBTnNsSDVLbmotYVh0N2JtcVZSQ05yYWhvUUN5NA?oc=5
Affaire Adèle Haenel : où en est le cinéma français face aux violences sexuelles ? - France 24,France 24,03/02/2025 09:00:00,https://news.google.com/rss/articles/CBMi2wFBVV95cUxOYlBVcEtYbXVoRThsZ1hqVF94T1hKQ3RuNXM1MFJ0a0tudnJjRFBEeTlTN2lYRXZYcnR3OE9KekVydVhhdW5XRnBIOExyelh1UFVkRmQtamRRRTgzN3l2Vl8yOTRuU1dBTks0N0xvRllPVlNiNXJBalQyR2lWOHJvdF9aUWZ4cFlYbXBMTzBYWEZseDdOY1A2M3JhX1M2UkR2bVlmU1Ixb1lObWVuQ2w0OEFCRDZFOUk1VzJZcjdOZkhVTDVDc2ZOOFFSeXZPM3g0UXZDYmlvRGw0MGc?oc=5
"L'éducation sexuelle, de sujet tabou à enjeu sociétal - Radio France",Radio France,03/02/2025 09:00:00,https://news.google.com/rss/articles/CBMiowFBVV95cUxQQjdPZEZVblY0Q3UzS3pLbDN2Ni1sT2xtZFJtSDVPOUZwVGxtZFZuMHp5Zl85dnItYWI2V1RFV1dEZGExS0J5YVhVei1qNDRNMXBKdjZ3Ql9QRkZuYnZkOHB5SThuQTFIekJ1ZnBuVkN1d01MdDFRd3h4TDBmUjgxQ3ZsSkdvNTZtc0l6QnBoTmxlSVhxbFhCd3c4ZV83amd0Yk9B?oc=5
Rachida Dati affirme que la réforme de l’audiovisuel public sera finalisée d’« ici l’été » - Le Monde.fr,Le Monde.fr,27/01/2025 09:00:00,https://news.google.com/rss/articles/CBMi6gFBVV95cUxPVng4aE82WWhSc2FGdjNIUDNUV2dfOEdPMlhlU28xVlh2dzA5Q2phOXRiNVRDNFhYV1JjRnF0ZEVUZVZQd2Q0V0phOG5ueFFjcXl1SzVIeVhxaGJHOXpRNXJFbkl1YzM2VFJ4MjE2Mm1fR3VldnNDdG13SkxGdG5nTlpZWnI1eW9STUZrTTFFb29SM09zQ0VqMlBmQTlXZ0ZUekExRGM3QmpVU1RQZkRualFtWkhENmg5UWJjYmhKSHRlajVWeV9hY2pxSUdESXpJRUlyU3hMMEZTQzFfZkxXSmtzdEhsRXJBX0E?oc=5
"""Julie se tait"" : le silence d'une jeune sportive abusée par son entraîneur dans un premier film exemplaire de Leonardo Van Dijl - Franceinfo",Franceinfo,26/01/2025 09:00:00,https://news.google.com/rss/articles/CBMioAJBVV95cUxQaERhMnIxMmNfM1BJLVJYYlZ6Q0l1WmxBckNrN0MzVjlLZ0NOdGNHeEZQdGQxRHZVLVFRQ194V1AxQjNRcV9fcE4xdGxXZ3VYZ216YUVTTTVZTXdTSU5tZ2hfMHVwbVZja29JbXY4eDE4cjBXVklvN2ZfX3pVbFpVZkZjT2liZXRjT2hoSUYzcEVnZ2hHMzZUZHZBSTVZSDREX1czaDZoWGd2RG9lUl9HdDJ6Q2ZFdVY5czB3Mm1VN0s2WDFnV3gyalJhbmtMYWE2cnNqTkYyXzFOSkxXVE91YThtX1VvZWVsVU1TWGw3SVNMbHpBaE8wU0laTG92emc0Tmd1ZEdUOEpob3JFejV5akxNYVRORnl4OFdTRWVaS0E?oc=5
Les César suspendront tout membre de l'Académie mis en cause par la justice pour violences sexuelles - Franceinfo,Franceinfo,24/01/2025 09:00:00,https://news.google.com/rss/articles/CBMi3wFBVV95cUxOY1Q3RFpjMEIyb3RZeUlwanRRNUh6X3E1RTJoTkZ2UFlQbWdfb0R3ZXRQQ3ppVHNlOWNKMEl0bmZJMElKVTRmUjVyU2NqTlo2RDFjWnpfdUgtVDgtOVJ4VlFUZ2NQeFB5UV9DWVE0RVBHakRaSjBMa1ZYbURvSXVkUkh2TmJrRmlrNWFBeU1BWk5qWFpnekVialpGWDFGNFdNYzlXdFBrWVNmLWhIQnJudVVhN3hFM0tUdWhVVU1ZYjFVeDRlZlAxVkg1dWtTVHNidHNfaGd5WTkyVnhlb0ZR?oc=5
Conditionnalité des aides du CNC – Formations contre les violences sexistes et sexuelles (VHSS-VSS) - CNC,CNC,08/01/2025 09:00:00,https://news.google.com/rss/articles/CBMi1AFBVV95cUxQZmFsc3RjQ01lX3Z4dWk0WmFUS3diTXVPUE1BQ0JaS2hGODRfTVNIdTJYQkpVVUwtd3pKZjRWbjdQV1JCNG9ic05nWndnRWZtVTlpUlRNbFZjMlJzeW9uQWdRNWlma1dBUG5mOHplVWtBOWpFQXk4eHBBTkRWeG4tMEVyX3dVNEt4TGdSMHRWTVlsQVFvN0ZvdDhWcFItaTVqa0xTc0s0SWQ5M0M0ZllPelNRdTZQLUpKXzY4eVB2Wk40YTNzd195MmdWUWJ5aF9KSTMydg?oc=5
Des violences sexistes et sexuelles enracinées dans nos métiers – La Scam : Société civile des auteurs multimédia - Scam : Société civile des auteurs multimédia,Scam : Société civile des auteurs multimédia,10/12/2024 09:00:00,https://news.google.com/rss/articles/CBMimAFBVV95cUxNMV90UVAxaWtFRnlubGFEMzlyMkJ4cVRZRFhIeS1XZjcyN29hV0oxVUlLQVliR0pjc3FyUm9qSTRUOGVMaDNEbk1NOFc5THZTVkFxQWxfVERwdWdOMXBCMEZQUTlpdzl6UTlGNnA2cWpsUDB6Q3lubm90T2s2YzN3YlcwR0ZUTTE2cl92WTJVNFc5dmVzcHFiYw?oc=5
Rapport sur les violences à caractère sexuel | Un appel à réparer le milieu en chœur - La Presse,La Presse,04/12/2024 09:00:00,https://news.google.com/rss/articles/CBMixgFBVV95cUxONXBhaU9sYzF1SnpmOUFZcG5SMUtJZkV3S3FILTNtTzhjOVc4eUdQYndIeTVfbzV1UEgxVzRLNll6SVdOQW1lcllmQkttZ2tZb0FHS2c1WDdudUttWkJ4TktpVEJrVUpZTl8yOGRrYWpjWlV2cWduLVZ0d3pqdlVKRGFKdTMzZVJ0X1NGNHRzMDQ5bE9yMHJ3UktyUFZrdWRSTnZHM1pEd1NLTDlBamw5YjVYRzZmV1BWVVV5M1pkOTRnZmJfaGc?oc=5
"Violences sexuelles : à l’université, les femmes particulièrement exposées - Radio France",Radio France,30/11/2024 09:00:00,https://news.google.com/rss/articles/CBMi2gFBVV95cUxONEZoWFVfYXZjX0NSZFktaUYzYk90dTFCMktPcVBacEdORGdQbmdoWmNtM0NxWnFJcUU5Q0l0Y2Qya3BCbmRhWkctMGVoUzFqTTFCUlJCb09YRmtQV3JsODJqU1YwdEUzckxZNFhvVVozZUtmbXZMOFBvUVdjY1RmOXZNTzloUGwza0Z3bTgwdnlvcjNldFcxcTI5Umd0WXFYTm5LdXlVamZ3b2xueHNSYVhUbzA4UjBLMVlsWHFTSldpRFFReGdLa3JVNDh5YU9maWZEMlBfMjJJdw?oc=5
"Le viol face aux juges, histoire de justice et d’injustices : épisode 5/5 du podcast Crime, tabou, péché, juger l'intime - Radio France",Radio France,29/11/2024 09:00:00,https://news.google.com/rss/articles/CBMi1gFBVV95cUxOckNmUWo3OXpYYUV0enIyTW5wTFJSM1BXOWQtUDRtdTZrWUZWSHNoelZja2J5UkpidHpLOUQ5RGEzQktGNXBKbjNHb2VRc1pPLURadmdWMXU1YUZTS0JScW5SZm8xbFl1Z18wMW9qZlR1dlRJcUc2bklTWXZwRjdGR2hBSzN3a3hJdlh3VnlDWlNhTTRYY1BCY3VrT0s2S0JGcjZsYmVnTnFEaGFtaUdfQTJEelJOUDI0VGd6b0JKU3ZUekZWZl9OOWVGUEFYb0NJRWR4NWN3?oc=5
"Comment les représentations culturelles ont-elles contribué à construire une ""culture du viol"" ? - Radio France",Radio France,29/11/2024 09:00:00,https://news.google.com/rss/articles/CBMigwJBVV95cUxNWWVqbU50RnZ4WGtpUlA4dkJ5djBreDNhQ050dzNyY05HdFJLYTVxbTlIenlNRmIydnVkdG1RRER1eUJHWEV3NWU3WVFyWE5pVGxwUnFXSWhXZ0gyRXVNQ1ktaDQ3c0hVdjZxTTQ5aFF2ajBFQUtmdEtoWTNqU1JMSFFaRHpLQWZMV1ZmeHVGOVYxbWg5djdHY01xZTlZVHZNQU1KWnJPUnVCLWpZU05yRkZoUmtjWmZhdW13MERYb0ZoYXN2REJyRmt1LVo0blEwZGgwQThpQnpvSE9GRjF5cFRuQ0owazYxSVVqRXZ0anhFWUNUMUwtck5TellLcEd3UGlz?oc=5
Épisode 3/4 : Affaire de “La Manada” en Espagne : nommer un viol un viol - Radio France,Radio France,27/11/2024 09:00:00,https://news.google.com/rss/articles/CBMixgFBVV95cUxPM09ySDM1MkpGclNyWmZwZ1UxdGdFaGpVaUpZdWozWjRtSG9obHM1dzVGdmZnSld3Z2tVZVdxSGFrOFFNN1VFMnpPSFFCSG8yTUtJeEJyUXVXdU1kUmNncDlEejNnUl9iNS1MVWxzaE5kRjUxaXBVMXBuS254cVNvcklaLXhFVzRUWGJvc3NNQ00talhNUEZCN0JaTDNaaVlRcEF5VFozY1NmUFhqWWs5N0habUxPNTFkQUZQS2ExTXk0N01kWGc?oc=5
"La moitié des femmes médecins disent avoir été victimes de violences sexistes ou sexuelles infligées par un confrère, selon un rapport - Franceinfo",Franceinfo,20/11/2024 09:00:00,https://news.google.com/rss/articles/CBMirAJBVV95cUxPMFI1bXpNVU1oNjctWHhWVnIydWM0QnFmT3Z3X3NQbHlJVndJWFh0OWd0c1l0R2dSMXV0Yzc5U1F3OUVsMVl2WmVCV0FGdlRCNUI3Z1RSekdvVFAzam8za0ZCaXFYenVod3pmU2sxWmVsbmlZMFdLQ0NESmNrRUZ5ZF9JOWJZV2oxd2JKbmNvazF3YjVrS2Z4R2pvRDlZMDZwbVFPcjNBOG9RSkhnQnlqYWtnWldGUklkOUlicmVwTkJHdkY4bzMtbzJxU3gxMTlKVHNGZjFYYXBIQ1Fub3lGcnVUeE5Jc2NtUHByWjlQc0h3aTY3bVlJS1hFZVdMN3ZreWdLWlprOTVjVUJvY2I0WEFvb0hLNGVYc1IxNjJ2d0E4SGp6UzcyaTBTOU0?oc=5
"Cinéma : Bedos, Depardieu, Polanski... Metoo porte-t-il enfin ses fruits ? - Radio France",Radio France,25/10/2024 09:00:00,https://news.google.com/rss/articles/CBMi1wFBVV95cUxQSnRid0FlSnlJU1Bxb3BKNXNqNndOM0xBQUQxNDZ5QmJtNzJDRXlycnhuUWs5QU05M0R1azN0UEtFaTQ0SkstR25GdjV1c1pMMGh3LWNRVXVRdEZnLUVCOTBWX2tNbFlubk9JSW12WnpMVHJvZzE1S1A4STFQSF9oSVZSTllucDRueENPUTlvYVNreEg0ZVBPcUdBZnV5YXhyTm11QVFNRGpaWUpPN0JTYUU5dXRGNEM2b2RTaEtBdDhmbGQ3QkdxRDlrWlFEbHEteHdESDhOUQ?oc=5
"L’Assemblée nationale va relancer les commissions d’enquête sur les violences dans le cinéma et la protection de l’enfance, interrompues en juin - Libération",Libération,01/10/2024 09:00:00,https://news.google.com/rss/articles/CBMizgJBVV95cUxPVDItZWlkaFh6bDlFMTNCQjdQS1N2RDNzRGpQeV9RRklhdkNPckNoNnF1MTM2c3RGcVVKaVg2NFhQN1RyRkpwLUJyRWVZTEwtalE1THluRk9rdW1DZlpfZGg1eEdWMXdFTXVWanU4U1Z0T2pja2phXzVJOThxbEU3VlJtRENfT0xPd3VFNDVtRHBIX0VOdU5FeTFXZVktanpJX2R5Q1NnZkNQZjdkVlRUOTZSSjl3VVJDcTNVUUxGZlNrYkd6dTlkNnplRFk0VHRGNGtiTjd4MVpENXY4dUwyOHlaOS11YkN0R0R1dnVKckZZVHRoZmZBeDY4STNiVS0wQTF5S295Yms1Sm02RkZfY3VoQk4wVDdyZWZNb2gzaENSUUozXzZoS21oWHdqd0dqcjVDQ0RaMXRySTdBSlpwSHRhSEFGc3RtSE9fM1NR?oc=5
"« Le procès des viols de Mazan, c’est le procès de la culture du viol » - Le Monde.fr",Le Monde.fr,19/09/2024 09:00:00,https://news.google.com/rss/articles/CBMizAFBVV95cUxQMEoyUW9tU3lpTF9kS1Y2Q1IwcHN3TnlMWlRDbC00eDRjRzAzMXFqNVJnbUhHdWsyNnJXNFUxUmpuNTAzNEw0MEMzcE9mRy12X3BCMElfV2lmSEVzdDZsT1lOak1PdENSZFJMWUJGODJLUF9CTkJYWnU2MW4yR3IyTDk4a1FqZ1h1NFFaYzNIUzdIVm96WGo5RENnMzA2akxZbE92M0VJZFIzbFFvZzVweFBWcW4zQ0xtSmNMX2ZpbmFZTTBrVzB4ZE1wRUI?oc=5
"Procès Mazan : Not all men, vraiment ? - Radio France",Radio France,13/09/2024 09:00:00,https://news.google.com/rss/articles/CBMiogFBVV95cUxOM21fMGp3amxJVkZ1LXFkUFVLaHAzWmVfNkFBWFdTR3ozRmY0Wm8xelhVMk1PZ0ViR3NvZzFOSVBFazBhbWlxek5SNDZickVOV2xEMDdQZnNtX0c4dDVkZG1BSzJ2TS1leExfMXFudlFjX2FzWWZodHJLcnlWRUFudlI5bHBrNlVFMlp3dXRaLTJhMEhqY2tiWWFWbW5vWmh1d1E?oc=5
"Derrière le ""marketing"" des valeurs de l'Ovalie, le rugby masculin, terrain propice aux violences sexuelles - Franceinfo",Franceinfo,20/07/2024 09:00:00,https://news.google.com/rss/articles/CBMi_gFBVV95cUxQMGhZUjZjS29FSzVPNkliZzZRdXFJaTBJNXN6SlJ6MWNqdzdBVUFGbFNOQVEyNVByc3hNRi1iNFA0NEV5dFg5U1BnWjR2am10dTQtaXpHa3JuOUV5bUVPTFVCQnJ1OUwzY0ZLQzlrQ3hzRFJiRldza0dKQU51RmVKYnZ0MjJzcHI0NzBSS3JYMkhYR085TVhnckwwNWlGMXZRS2lsVUlTUl9aZERzOGl4T3VaczB0OU5hTUoyYUo5UFlfV0JfS0s1U01udTFfWldQckNvUkhFYVlLcFRZRmQySmIwQ3BUWE1hdmJIUEhUOGJOdUJqSkk0VzN2R2NkUQ?oc=5
"Violences sexuelles dans le milieu culturel : ""Certains artistes perdent pied et se sentent ultrapuissants"", témoigne une victime - Linfo.re",Linfo.re,06/07/2024 09:00:00,https://news.google.com/rss/articles/CBMi-AFBVV95cUxNZ0lKQWY0UzlFQXQ1UFRYbmRIbzBXb3RZMllOQzJkMWJqM205Zm5XMmZRQUNpVFo3VjRIWUVQWXJHSU9fZFUycmJ4QjBQMWdfMV9IQUwyM1lwMnVaT3Z1bjc3ekNBb0VUZ0ZMUjI0RVpCTUg4NW4tUGc4Tm12U3dZQ3lXNl9tVHFfOHk5aURCZVRnTGhJLVZOSzkxU1FmTmhXTUdLUUc3b2xuMHdGNnFNU2g2NU93YmtuaEdmSkZJSF9UV2hhbEt3M0ZtZ1dKMjhOb01oTXUtanA5ZzgyLV9Cc0N1QV96ZTZsWU04aHJQN25jOXJldlFBMg?oc=5
Le président du CNC Dominique Boutonnat condamné à trois ans de prison dont un ferme pour agression sexuelle - Radio France,Radio France,28/06/2024 09:00:00,https://news.google.com/rss/articles/CBMivgFBVV95cUxNRlhMTUZjdklmdFNiUXU4YmtHWUZKaWhzMzhfdDE0bmpnb1VON2RFSzJBM1czQXdwR3VNYnpMdFJrVGVDdkhOSEQ4dDVIR0tSUW9KU0gzWUxMTk13amlJblVoUVoyQ0kzQTNmSGhueURtcmVKYUJrbnNFQjhsSEljdlNEZzZDMVVQaEJRTHhHS3FualJPTkZqcDl4a0I0bmhOODl6MGE1eS1IbUxuX2tCMzd0OEo1MG9lN3F3c1hn?oc=5
Menaces et « culture du viol » : l’affaire qui divise le milieu du vin nature - Basta Media,Basta Media,15/05/2024 09:00:00,https://news.google.com/rss/articles/CBMikgFBVV95cUxORzFtb3BFcHBYOGtnR0d5S0tYNkxHVUlxX1BpeklQaTZPS0NlcHpadFBvcWhqVkRGSE5WeEszR1Y4V2szbEZGbWxkYjBHRlRpZC1XNi1FS2MzRVJ0Unk3anU3aHVlN185bHV0eFQzcEEtcjZ4UGkyRXduN3d3UC1ING1BM0NlWFM4T2xIaWVKdUdLdw?oc=5
Violences sexistes et sexuelles dans le cinéma et la culture : les députés créent une commission d'enquête - francebleu.fr,francebleu.fr,02/05/2024 09:00:00,https://news.google.com/rss/articles/CBMi5wFBVV95cUxQb0F4RkphNjE5cFJ6UVFmVmFXRXZPSVhtNXdNY2RZMFdIakdZSmV6dmVRTm1LelZzLXd6blVOZmZCdWtlOUNJSlczMktyRTJnSEJJT25TbWtoeTU3RTBwZ0pvTlNWS3ZCQS1hcnlHcXo2emEwaEd3djQwTVVid3NBNkh1WHcyY1NBSVhJZjhjcnhxeXZ0RUdqc0k1amN4Q1BwSFlfUEJjZXEyLWtDeDMyWWxXR1lNeGtNVTBscVFGTlc0RmhIdXBrdTdpb25OSHJkbG9nUTQ0YzNqTzRmM0xucVpKaEFSRk0?oc=5
"#MeToo hôpital. « Dès nos formations, c’est comme si on nous acclimatait aux violences » - Ouest-France",Ouest-France,28/04/2024 09:00:00,https://news.google.com/rss/articles/CBMi8AFBVV95cUxPeGJqTl9wRG1oZWdiS1BEc3puUmxXSllKNVNaN0EwSkNCTDlDSzJlcWN1blJyNHliQjF1UmRWS1o0ai0zc3RHUlRkY0dqY0lGcjdCNFNfMEEwLW5sekltZHFxQ21jQUFsOUtibE5DTmhiOGRZaDJ0dGY4UlJFaVNTTVVBZ1VMa0h1SC04OUxzb3I1bGhhTTFyX1BSMlhKQ1Q2c1ZZMjFCMXZGc09RM0NjUi15TnVKZkRxMVkxNDRrYndkM2M2VjgyaFFiTTA1ZDZoTVUxS094bXJ0WENCWF9EbzBKQVFwVnlKZzRJYi1WRm4?oc=5
De la culture du viol - AOC media,AOC media,03/04/2024 09:00:00,https://news.google.com/rss/articles/CBMia0FVX3lxTE9VR1oxR1JHN1o3WlRKX2RHTjRreUVsaGk1SDNDbkltUGY5a0RyUkdSQVJrT21Md05jOUhMaHM0UWUwbGpwNTlmcUF6clFFNzRXM283RTM3RFYxZjN3cnl2aGtvY2VNY2d5dnBr?oc=5
"À la campagne, les zones blanches de la lutte des violences faites aux femmes - Radio France",Radio France,08/03/2024 09:00:00,https://news.google.com/rss/articles/CBMikgJBVV95cUxNckkxQzMzX3BzVTNhekNHOWFXQzFNZnZuS2IwT1RYVWJqOXA3bW1Vam51a3o5b2ZnSW9lYktTX1ZBUzFSVjJJTmtBeDlxOWV6elJIZWJXcGFvbHBVakhqbkVPRXk0eTJZcEpsQm5QVWhSbDZKbWU3TUFOVTd6cEtnSHNTWUlzMDVDVTkzT3JIdVdqcVlFUThWLW5hclhBSVFqMG85Z1pMTEN4TUszVjdoNkg4ZkFGaHlkdjd1cEhfX2dvY2JBMjFvaEpVeTVibEVOWm04UHAyVGxyLUV0azZQbGdPd29zSlFNSDgzOUlVdnl0cEhSclU2TnFoaGhQUW9ZXzlDOVNLMHRhQ2psdGw5WU9R?oc=5
#MeToo en France : le regard des Français sur les affaires les plus médiatisées - Fondation Jean-Jaurès,Fondation Jean-Jaurès,08/03/2024 09:00:00,https://news.google.com/rss/articles/CBMiuAFBVV95cUxQczFXRENpXzlmckt1TE9UZloxUnZJX3RpMUJoTjd1UFFTVkN2R3ZhN1puTUkybnh3VDJiU29LenFsdU5zYm5FOHhqcnVpWkZJYWoySHBtTjc3VXNBTHRSOGtEUjVnUnpvOWhCbU5zMVRZUW1yZTlDZFZ2b3VmZjN1WV9mUGhtQjFhRTBNUlpGbDR0aGNnY3JWMWk1XzEtc0N0M1R6WlBqRDE1dEZkcVFPTUZsOXNNVUhX?oc=5
Cérémonie des César : le cinéma français face aux violences sexuelles - Radio France,Radio France,23/02/2024 09:00:00,https://news.google.com/rss/articles/CBMiggJBVV95cUxNR2JvTUFZVDRrQVNzbUtUc2FWV1J4NTFGZHRXM051RmE2LUcyalg5dlNkWktOZmgzY2tqb3Y2dy1TNW4wV2luMENyRW54WUc3UTU1a19mc2JxUjFzR3R2Zjh6VTBER0p2ODFFYWdGM2tEcjhGbW16UTBwemhZLVYxcmhtcXppMDg3elpKNVBXdWVpc3dXOXNwaC0tYTNPYmRxc2VqMk5reTV6WEdhSlYxdE1YLUVlZHJacEpwTmduQzl6Y2I1dE0wN0ZOdDZQazBCNWhKSUNQSE9paW15VEtqTnJwZHJYV1pCUnBMYUpZMW1nMExIbVRJd2ktWnFMSVM0UXc?oc=5
"Violences sexuelles : Rachida Dati dénonce un ""aveuglement qui a duré des années"" dans le milieu du cinéma - Franceinfo",Franceinfo,23/02/2024 09:00:00,https://news.google.com/rss/articles/CBMi7AFBVV95cUxNNUdJRExhWDgwaVpyOHdXQm9Wd2c1cDRkRlptZ0kxMzRvN1N0X3R3cjl5Mjd6Mnc5THJNdnB6RWxvNWdoenFMbjhJbjluY3lKZG8zTm1wR0FvZlBQcnZlRDZDR1M0MlByVVpfb3Z5UWNaU3hWV3RMWFViYk82MVl3d1RSWmpCZVUzUUdQSmFKY2lPWWwzbVR1LWRYNUk2NGl6OFAwdTlZVC0waVlleWhYSWZ3QnVGT0lFSm5YYWswMm81N1I2M3d6QWprakF1eXh6aEZpY1NjaV8ydXYzSm1WNm9IRFpVRUpfSWItNQ?oc=5
MeToo cinéma : vestiges d’une époque ou défaillances d’un milieu ? - Radio France,Radio France,22/02/2024 09:00:00,https://news.google.com/rss/articles/CBMi_wFBVV95cUxNUlh1a2lQVEpUSHBtYmJ0eE1WR2ZidVVFZDJoNXJRSGZZMXVaOXFieFpwSW9UaFItRTRvV0pBTnQxWWJDeEZGS3dNQzJrZGJ3ZDhZQjg3N25waHNteEZOVGJtMXJwdFJzRjRPU2ZNSkVlRktrb0RxazVZTnhyWVZFTjN1bFo5OF91RXM5ZkQ2YVREY0xpQUJpbllkV2pWdEpYTHNCV29ibk4tVVpSM0JlSUVEMjRfMThhcGlKazRCYVlmdmdaUTBtOVdaejNETHdzUEJRZlBFUWkzLTRsRkd3UjZFdmpEajl5QklETUdJalZGanp5QVlxby1INm9oNGs?oc=5
Violences sexuelles : nouvelle vague d'accusations dans le milieu du cinéma - TF1 Info,TF1 Info,09/02/2024 09:38:35,https://news.google.com/rss/articles/CBMi5AFBVV95cUxQWGdFQi1XaDREY3BtRXhHR0pZNUNYTktpRW14dTlDWFc2S0lpU01xTzFzQmEtZ1V5TFoxdTF0eURObDNFdGtWOGNJS1hwdDF3V1dMMzdzRzJsSkljZWRDNWxmOTJRN1k5R0p3XzJjZjZiSmgzdlhQUnlLTDl5Vm5GNEZ1bVlGa1ZkQ0xFclhhM2VvSVpKQjlOT2djWE9KeTlfNlB3dmZrT0JnU3cydHV4MzhxVkxhYVVjVTZ5S3p1cVdqbWltR2tTTFZfR2cwWGdpVjdLNHhOUGh6SW9PZkkyQzhrT3I?oc=5
Société. L’Espagne va créer une unité contre les violences sexuelles dans les milieux culturels - Courrier international,Courrier international,09/02/2024 09:00:00,https://news.google.com/rss/articles/CBMi1wFBVV95cUxOck9oXzZhWUhOUjktak8zYl9TZXdrYl8yblVtbi1BVmdQSk0xcW1HT0dKaGg2M3d1cXNUTDRkSWtUbmpwSFFHekZ3VGZ0NElfNVVNbl9EVTF5LXpPekxOMklWMVlEV0FCMlA1VnBsTGJuWFZ3ekpwOU5Ya1VrRElXZWpZcTR6dERGakMtejN5NEM0RmFaRVo1bUNMWGJBV3NfSWZ0aVFZdmZtaFdBNWdVdmVLRGNPWHpoelpYd0FUR2dFSEVScWtXekRBOVpqeC1wdHk3U01MNA?oc=5
Affaire Depardieu : le milieu du cinéma est-il toxique ? - Radio France,Radio France,12/12/2023 09:00:00,https://news.google.com/rss/articles/CBMi8gFBVV95cUxQaXIydTJqVXJVZHlrSThCQU9WdkRzN1pXZkNLa09mMVhLTm5kdDI2b2FIX0c2NTJtVzhZU0xtUnRmSXEzQkl1TU82LW5oQlNTcW1USmlOcmN1emIwb183TEUtUk5hOGROTjNPcks1NWp1elNtVUNHM3JWaTJyU0tNTExJaVpTanpwZGs3Qjd5eXRPcklZTEFIdTZ3ZEx2OGVqcXlvM3NNTnozdEtfcUZILW9YQ3N6QkExWnJxX2JtbFMzTDI3RHdfVDZZdktuX0xlX3o5T0FfMDQ2aUVvcWRiVy1XOG1VLTEzNTNEM1J4SmZPQQ?oc=5
"La violence, une affaire d'hommes - Radio France",Radio France,09/06/2023 09:00:00,https://news.google.com/rss/articles/CBMiwAFBVV95cUxPQ2J0VjJDdzFFX09QNEw5eDQ4YXVQLU5NRlc2VHFxRVVmOFVFUFFZdnd0dkZRQVdDUEJSRVJLUWhrQ3hnbk5DZjB2ZzBMOWd2akZuVzdZSldpNVJfbno3NVZaTmxLcmt5ck1SNVNSUVhNdHk5ei1YSTJWZEUtWnpKN0luTWFNdWJtVFFSSno4djNvS1J0bVVRTG9Kc2UxMUZnczJyQkxEMUp6OGU0aFNMLWEtcllJa2ZqWks0bElqdzU?oc=5
"Le cinéma français, mauvais élève de la révolution MeToo ? - Le HuffPost",Le HuffPost,20/05/2023 09:00:00,https://news.google.com/rss/articles/CBMirwFBVV95cUxNUGJqR0dmZUpCXzRGSTJYcmRhaUxJczZXd1plbmVycTdWZ2NvUFZHVzNBcnlJSTAwdjRGLURjS1FNOVRYR3ZsNlVWMGRUeDZRaGJhbV9MbHBZeHdjT25BQjVWNnh4RW5CVEdLdUh2cjRnSHhFcjVGUmxlejR5UVE5MlFFODhRaF85aUtLeTg2OW5fSEdxcTNCWWJUUFJ1dmtuUVpoeGplYVlEVTBRYUxF?oc=5
[Opinion] À ceux qui se font les complices de la culture du viol - Le Devoir,Le Devoir,12/10/2022 09:00:00,https://news.google.com/rss/articles/CBMiqgFBVV95cUxNQzdCVl84WW0zdDl2Qks5cnVhNmZCYUprQXE5ajBTWkMtMXNxbEYyS2gxZGUzak8zVmd5MXpkVlNDU0RqRi1jTHlNSW1kaF95ZTFVc29Lbl9WUUpfMzFxZHF3andkUG44ZWVZeTM3MEgzTUxBclNPbjBaR3pRYjk2SDZObWdGMWxGT0ZkUzh4Q0RGbXpZeXNELWx6c1hFbXNrVUxLRFFYbFpKQQ?oc=5
"Cinq ans de #MeToo : en France, les 10 hashtags qui ont accompagné le mouvement - Radio France",Radio France,05/10/2022 09:00:00,https://news.google.com/rss/articles/CBMivwFBVV95cUxQd3Vxdi0tbEg2OXowMlB3VkxaZG9RazhaT0RJb29HLVNxRDQyQjJJbml4c3JDUkNwaHVfSjFpRlZfWTFfblBNVlpSSkdHSDdqbmdWRV9rNTZ2ZTBSclZKa0NCZXpRVll6WWVaVEVIdnNNblBkUEF0YVZCWmdvUDdfYTFfQlZ2aXg2SEt0MmpKbTFWeXJqWkVvdTNjTEZoSGVVRVE5R0tRUVpKQjAxWC1wSGowX0RUZk9oaW1JRjR1Zw?oc=5
"Place des femmes dans les médias, la culture, le sport - Égalité femmes-hommes",Égalité femmes-hommes,13/04/2022 09:00:00,https://news.google.com/rss/articles/CBMimgFBVV95cUxNSmMzU2hKTjNkcWk2eVJCT3ZJa25NRUZ2UWZtNnp2bTNYUGphVVQzcjEwM1paNURWTnVtNXJiR0VDckV2YVp5eVJ6TVVZQWlzT3lYSmc1OHN5WTN1RGJEdm9fU2hnV2VlS0NIWW1hdThGU3RPcEI3YXZUMFdlbF9aakNBdERyRmhLWV82Ri04QmxPaDJsd2plQ0NR?oc=5
"Culture, médias, politique, sport : en 2021, une nouvelle vague #MeToo a déferlé - Radio France",Radio France,27/12/2021 09:00:00,https://news.google.com/rss/articles/CBMivAFBVV95cUxPVnZtc2hBNFlRek9reGZsZTU0WlFhMlZWVmVFR1hsX2FMLWl6OVUwMHVhWVIybGZDeDU3cVVYNjF4bVNXQ1MtblNyZkJ0ZUpxNXQzNVk2N25QcldBNjE3c0lpT0tFd0JVX0g0M1B2c2RRWklNZVZlM3FkX0E3Rk1yWDZBSGlCRlE0OG5OcGgwZWVWMllxM2t6YWdUV1dnOE4yaUhlSVFtZVJzUnMzcFl2dDdESmdhVFNxLU4zNw?oc=5
Un enquête Mediapart dénonce la culture du viol dans les scènes punk et metal - CANAL+,CANAL+,27/05/2021 09:00:00,https://news.google.com/rss/articles/CBMitgFBVV95cUxOaXlLUUx0UHlZcm5GelFiak1GZ1cyM3J6M21DMFFINXZqRjQ5bGVfUDU5QnRJOWVwTXJEYW5PRk1oaVdRZUxKRnRzNGdvbjBSMjJRdDhUVmo2clI0TmJZYXpPZW94cWs2NGNLTjhHbW1NSEE2MG9EdXNxU0t5dDlNTzJheFdTdEFmaWxfYnhsZjFHZzAxd1ozaTFPS0VRUzN0QnJCZjg5emlSWURGU0g1c1hjVkR6dw?oc=5
"Inceste : la psychiatre Muriel Salmona dénonce ""une impunité effarante"" - Radio France",Radio France,06/01/2021 09:00:00,https://news.google.com/rss/articles/CBMitwFBVV95cUxNUThnS0VYOTh4VDQwMDk2OW9ZTFhET1h4VTFYTXBGZW5PY1RGR3QwdmdybHhZTWNSTkRiWmxPT1gySnpKWWpnNGVYNDJRMWJ6YVZXV29OVXVTTWJ1YXBJdTVXcGFOSEZPR1JFYndFZXIwWklJd21XWUlKSUZMbWtUbkV3d3NIVU5rQ004ZnR4T2xRdW55UjJQNU8xN0VMa0t3V1BDNHA2ZDlFOWZqOHFvMmtwdHBRWmc?oc=5
"Comment la ""cancel culture"" se développe tardivement en France - Radio France",Radio France,20/01/2020 09:00:00,https://news.google.com/rss/articles/CBMirgFBVV95cUxQM005UXZHaXlwUWVLZGx4dzFSVjZGdkhQeDZPS0owZ2Q5M0ZPeVQybkpiaVgtM0hLazVObXgxRGZJQXRBMW96d25iTzFleUJNR1J5eEpXZ2hzVG5PazhaU0hiX2lDWFljVnpzc1ZNeDl2SmlCcy16YU5iU2ZaVkFzSzMwLU1lU0FRTkdxLWtOWm9UcFd6OWJaZjc5aHdzbnRCVlFkX2lpRHhEVVV4X2c?oc=5
Comment parler de pédocriminalité et de violences sexuelles aux enfants ? - Radio France,Radio France,12/01/2020 09:00:00,https://news.google.com/rss/articles/CBMi3AFBVV95cUxOUmUxc2liWFUzTWpuMVlsdF95MFNFZGt6SDBxSEo2OS1rOWlVWEFGOFRTR3QzQVhualRJYlRpbUYyNmlEVDk4cjBpZG9xWHJaVXppeEhFUWU4YmRzbTFvcjJrZkRaeEQwY0loU3hjSGR5SjA3RktreGlGZndpeDNwcWVodC1iNnFwNUV0SHZiSUtpWGxxWktWbzMzSElLcldDZThfRW1xckZReE5PSmJfWDZUUkY1UW5pcG9vLXVTaUpUazBBc0F0eXpYOWRkWHNJUG5xWWhFNXRad0Jr?oc=5
Quand des intellectuels français défendaient la pédophilie | France Culture - Radio France,Radio France,03/01/2020 09:00:00,https://news.google.com/rss/articles/CBMiqwFBVV95cUxQWGwtX3ROTklCb2JUNDNNSWJ0UjJITmxRZ1otcms4TERLVnk1ZTJYcEFyTkRKWG4xWkg5WU9UT1ZvS1pvRGROMjU0d2xLSkVPR3REcVJ5MDlDNnBqV1lwa1lfZzU5QW55X0V5MXl3dENZeFMyclktdmJZemswN1Y1NW1hZmJILWFUeGl0QnNpRW1iS2Fqd3B1RzFzQVZ4Q0tLVmk2ZEZIU2pIN2c?oc=5
Violences sexuelles : «Il y a une impunité judiciaire et sociale» - Libération,Libération,23/11/2019 09:00:00,https://news.google.com/rss/articles/CBMitAFBVV95cUxNMkhFZTRvTUZGVjFoUWxPbUVyUi0xS2RLM3lTVVVuSl90alJBY2tSeThrblJoNjh2azRDUG9vYUpabzRscUlNSmJKQmIyM3FDQVdXYTFwT0VRem1ET09rX1lLdTBOb21OMVdVM3hseS1Gc2UzclVTQ0RMbzg4d1FLN1dxT05pOHhURHlLR3FxYlhDYjZSVnE4Qk5tcWhHbGNPWXZQS0VjV2VVRVdSdldvWE11SGY?oc=5
Viols et agressions sexuelles dans les festivals : quelles mesures les organisateurs prennent-ils face à ce fléau ? - Franceinfo,Franceinfo,11/07/2019 09:00:00,https://news.google.com/rss/articles/CBMi7wFBVV95cUxPYU4zRlJsZ182MWZoM2NnVUNQUmNDRjBPaXVYNE50QWJqcDIzajNJUWJNWTRzTENZUkpHcElZRTVxcS05cmQ3dlZYa282SHRzeVNhcWRhTC16dERfUTQ5czAwUXh3M09xLW9RNUVmc3Zrc2RCYzl4U3dyMjMzWlhJUFpvdFJ0UVdYSWxhcXBvbEVVUDZIS3pUUld6RVdoRTZid21rNnBHTVd0UjE4VWhNRGhpcm9jTzNTcGZld0lQX0EyNEhXZlpSR0lTemk0X2hqemZWTG5oY0F3aTdmVXBlanlET0tfUHhaTXVtV1AzRQ?oc=5